[
    {
        "keyword_or": [ "what", "explain" ],
        "keyword_and": [ "dora" ],
        "question": "What is DORA Metrics?",
        "answer": "DORA stands for DevOps Research and Assessment. DORA metrics serve as a guide to how well the engineering teams are performing and how successful a company is at delivering software. DORA metrics help leaders understand how their teams are performing now and over time to make data-driven decisions to improve the process, the teams and the applications."
    },

    {
        "keyword_and": [ "Dora", "insights" ],
        "question": "Give some general insights about the data provided here in Dora Metrics",
        "answer": "General Insights about the Dora Metrics for this component: \n  \n 1. Deployment Frequency (6 per month): \n    - A deployment frequency of 6 per month indicates that your team is releasing changes at a moderate pace. This frequency can be considered reasonable, balancing the need for continuous improvement while avoiding unnecessary disruptions. \n  \n 2. Lead Time for Changes (95.48 hours): \n    - The lead time for changes of 95.48 hours suggests that it takes approximately 4 days for a code change to move from version control to production. This lead time is relatively moderate, and further optimization might focus on streamlining the development pipeline for quicker releases. \n  \n 3. Mean Time to Recover (5 hours): \n    - A Mean Time to Recover (MTTR) of 5 hours indicates that your team can efficiently recover from incidents, minimizing downtime. This is a positive aspect, as it suggests effective incident response processes and a quick resolution of issues. \n  \n 4. Change Failure Rate (19.67%): \n    - A change failure rate of 19.67% suggests that roughly 1 in 5 changes result in failure. While it's important to acknowledge that failures can happen, this rate may be an opportunity for improvement. Reducing the change failure rate can involve enhancing testing practices and validation before deployment. \n  \n In summary, your team demonstrates a moderate deployment frequency and lead time, efficient incident recovery with a low MTTR, and a change failure rate that might benefit from additional attention to testing and validation processes. Continuous monitoring and targeted improvements in areas such as testing and deployment processes could further enhance the overall efficiency and reliability of your software delivery pipeline."
    },

    {
        "keyword_or": [ "number", "no.", "count" ],
        "keyword_and": [ "deployment failures" ],
        "question": "What is the number of deployment failures in this application?",
        "answer": "Based on the total number of deployments and the failure rate, the number of deployments that resulted in failure for this application is approximately equal to 7"
    },

    {
        "keyword_or": [ "what", "explain" ],
        "keyword_and": [ "deployment frequency" ],
        "question": "What is deployment frequency?",
        "answer": "Deployment frequency is the frequency of deployments to production. It is the number of deployments in a given period of time. It is a key metric for DevOps teams."
    },
    {
        "keyword_or": [ "what", "explain" ],
        "keyword_and": [ "lead time" ],
        "question": "What is lead time for changes?",
        "answer": "Lead time for changes is the time it takes to go from code committed to code successfully running in production. It is a key metric for DevOps teams."
    },
    {
        "keyword_or": [ "what", "explain" ],
        "keyword_and": [ "mean time" ],
        "question": "What is mean time to recover?",
        "answer": "Mean time to recover is the time it takes to restore a service after a service incident or outage. It is a key metric for DevOps teams."
    },
    {
        "keyword_or": [ "what", "explain" ],
        "keyword_and": [ "change failure" ],
        "question": "What is change failure rate?",
        "answer": "Change failure rate is the percentage of deployments causing a service outage or service impairment in production. It is a key metric for DevOps teams."
    },

    {
        "keyword_or": [ "improve", "increase" ],
        "keyword_and": [ "deployment frequency" ],
        "question": "How to improve/increase deployment frequency in TicketBooking app?",
        "answer": "Several strategies can boost deployment frequency in your TicketBooking app:\n\n Minimize manual efforts: Identify manual approvals or steps in the pipeline and find ways to automate them. Consider tools for automatic code deployment, infrastructure provisioning, and configuration management.\n Streamline your workflow: Analyze your entire deployment pipeline and identify bottlenecks. Look for opportunities to break down large tasks into smaller, more manageable ones. Optimize testing procedures and utilize continuous integration/continuous delivery (CI/CD) pipelines for faster feedback.\n Prioritize frequent, smaller deployments: Aim for smaller, incremental deployments instead of infrequent, large releases. This reduces risk and makes rollbacks easier if issues arise.\n Invest in infrastructure and tooling: Utilize infrastructure as code (IaC) tools to automate infrastructure provisioning and configuration, enabling faster and more reliable deployments."
    },
    {
        "keyword_or": [ "improve", "reduce", "decrease" ],
        "keyword_and": [ "lead time" ],
        "question": "How to improve/decrease/reduce lead time for changes in TicketBooking app?",
        "answer": "Reducing lead time for changes in your TicketBooking app requires optimizing various aspects of your development process:\n\n Automate code reviews: Leverage code review tools that provide automated feedback and suggestions, freeing up developer time for more complex tasks.\n Utilize fast and efficient testing practices: Implement unit tests, integration tests, and automated performance tests to catch bugs early and avoid delays. Consider shift-left testing approaches to identify issues closer to the initial development stage.\n Foster cross-team collaboration: Encourage open communication and collaboration between development, testing, and operations teams. Implement shared processes and tools to ensure seamless handoffs and avoid bottlenecks.\n Reduce dependencies: Analyze your codebase and identify opportunities to decouple components and minimize dependencies" 
    },
    {
        "keyword_or": [ "improve", "reduce", "decrease" ],
        "keyword_and": [ "mean time" ],
        "question": "How to improve/decrease/reduce mean time to recover in TicketBooking app?",
        "answer": "Reducing MTTR in your TicketBooking app requires a proactive approach to incident response:\n\n Prepare a clear and efficient incident response plan: Define roles, responsibilities, communication protocols, and escalation procedures for handling outages. Ensure everyone involved is familiar with the plan.\n Invest in monitoring and alerting tools: Implement real-time monitoring and alerting systems to detect problems quickly and trigger prompt notifications for relevant teams.\n Have readily available resources: Ensure quick access to necessary resources like skilled personnel, spare infrastructure, and rollback scripts to expedite recovery efforts.\n Conduct post-incident reviews: Analyze each incident to identify root causes and implement preventative measures to avoid similar occurrences in the future."
    },
    {
        "keyword_or": [ "improve", "reduce", "decrease" ],
        "keyword_and": [ "change failure" ],
        "question": "How to improve/decrease/reduce change failure rate in TicketBooking app?",
        "answer": "Minimizing change failure rate in your TicketBooking app requires rigorous testing and quality control practices:\n\n Implement stricter code validation: Enforce code quality standards, static code analysis tools, and pre-deployment validation checks to detect potential issues before deploying changes.\n Utilize comprehensive testing: Employ a multi-layered testing strategy that includes unit testing, integration testing, functional testing, performance testing, and security testing. Consider testing in production-like environments for accurate simulations.\n Embrace rollbacks: Develop and test rollback procedures for failed deployments so you can quickly revert to a stable state if issues arise.\n Learn from failures: Encourage a culture of learning from failures. Analyze each change failure to identify weaknesses in your process and implement improvements to prevent future occurrences."
    },

    {
        "keyword_or": [ "here", "TicketBooking", "Ticket Booking" ],
        "keyword_and": [ "why", "deployment frequency", "low" ],
        "question": "Why is deployment frequency low here?",
        "answer": "Some factors that can have low deployment frequency are - backlogs in the pipeline, time consuming manual approvals, not enough streamlined processes, not enough automation.\n To identify why the deployment frequency is low here, check these: \n i) Check if there is backlog in the pipeline. \n ii) Check if some manual approvals are taking time. \n iii) Check if you can streamline the process and automate more steps."
    },
    {
        "keyword_or": [ "here", "TicketBooking", "Ticket Booking" ],
        "keyword_and": [ "why", "lead time", "high" ],
        "question": "Why is lead time for changes high here ?",
        "answer": "Lead time for changes can be impacted due to several factors, like complex code reviews, lengthy testing procedures, or dependencies on other teams. We can improve by optimizing our workflow, utilizing automated testing tools, and fostering better collaboration across teams."
    },
    {
        "keyword_or": [ "here", "TicketBooking", "Ticket Booking" ],
        "keyword_and": [ "why", "mean time", "high" ],
        "question": "Why is mean time to recover high here?",
        "answer": "When incidents happen, we want to get back on track ASAP. A high MTTR suggests some weaknesses in our response process. Is our incident response plan clear and efficient? Do we have the right resources readily available? Let's analyze past incidents and identify areas for improvement."
    },
    {
        "keyword_or": [ "here", "TicketBooking", "Ticket Booking" ],
        "keyword_and": [ "why", "change failure", "high" ],
        "question": "Why is change failure rate high here?",
        "answer": "Changes are sometimes causing issues when deployed. Are we doing enough code testing and quality checks before pushing things live? We can implement stricter validation, rollbacks for failed deployments, and a culture of learning from each incident to prevent future failures."
    }
    
]